{
    "converters": {
        "BuckParam_Vo20.0V_Po15.0W_#1": {
            "Vs": 30.0,
            "Vo": 20.0,
            "R": 26.666666666666668,
            "L": 0.0013333333333333335,
            "C": 1.2499999999999999e-06,
            "fs": 50000.0
        },
        "BuckComp_Vo23.0V_R20.0\u03a9_#2": {
            "Vs": 123.0,
            "Vo": 23.0,
            "R": 20.0,
            "L": 0.1,
            "C": 0.5,
            "fs": 50000.0
        },
        "BuckParam_Vo5.0V_Po3.0W_#3": {
            "Vs": 10.0,
            "Vo": 5.0,
            "R": 8.333333333333334,
            "L": 0.00016666666666666666,
            "C": 2.5e-06,
            "fs": 50000.0
        },
        "BuckParam_Vo1.0V_Po12.0W_#4": {
            "Vs": 12.0,
            "Vo": 1.0,
            "R": 0.08333333333333333,
            "L": 3.6666666666666666e-05,
            "C": 6.25e-06,
            "fs": 50000.0
        },
        "BuckParam_Vo1.0V_Po12.0W_#5": {
            "Vs": 12.0,
            "Vo": 1.0,
            "R": 0.08333333333333333,
            "L": 3.6666666666666666e-05,
            "C": 6.25e-06,
            "fs": 50000.0
        },
        "BuckParam_Vo1.0V_Po12.0W_#6": {
            "Vs": 12.0,
            "Vo": 1.0,
            "R": 0.08333333333333333,
            "L": 3.6666666666666666e-05,
            "C": 6.25e-06,
            "fs": 50000.0
        }
    },
    "tests": {
        "BuckParam_Vo20.0V_Po15.0W_#1": [
            {
                "amplitude": 1.0,
                "frequency": 60.0
            }
        ],
        "BuckComp_Vo23.0V_R20.0\u03a9_#2": [],
        "BuckParam_Vo5.0V_Po3.0W_#3": [],
        "BuckParam_Vo1.0V_Po12.0W_#4": [],
        "BuckParam_Vo1.0V_Po12.0W_#5": [],
        "BuckParam_Vo1.0V_Po12.0W_#6": []
    }
}